# P2 Task 1 census -- every PredicateMeta INSTANCE site (constructor, decomposer,
# type test, C arm, package) that P2's three rewrites touch. Generated by
# p2_census.py; kind is filled by hand afterwards (Task 1 Step 3), one row at a
# time, by reading the enclosing function -- never the matched line alone.
# kind in {constructor, decomposer, typetest-compound, typetest-predicate,
#          c-arm, package, definition, annotation}.
# disposition: needs-db when the row needs field NAMES and no db is in scope
# (the plan stops the sweep there); otherwise blank at this stage.
# file	line	qualname	pattern	kind	disposition	note
clausal/codegen.py	163	stmts_to_function	._fields	decomposer		false positive: this is the stdlib ast module's own AST-node ._fields tuple (ast.FunctionDef._fields), unrelated to PredicateMeta -- not a real site, kept for the record
clausal/import_diagnostics.py	201	_defined_names	isinstance(<x>, PredicateMeta)	typetest-predicate		filters a module namespace down to declared predicate classes for import diagnostics
clausal/logic/builtins/_helpers.py	54	_functor_name_py	is_term_instance(	decomposer		functor-name cascade: type(term).__name__ used as the instance's functor identity
clausal/logic/builtins/_helpers.py	92	_arity_py	is_term_instance(	decomposer		
clausal/logic/builtins/_helpers.py	93	_arity_py	term_field_names(	decomposer		
clausal/logic/builtins/_helpers.py	137	_nth_arg_py	is_term_instance(	decomposer		
clausal/logic/builtins/_helpers.py	138	_nth_arg_py	term_field_names(	decomposer		
clausal/logic/builtins/_helpers.py	180	_args_list_py	is_term_instance(	decomposer		
clausal/logic/builtins/_helpers.py	181	_args_list_py	term_field_names(	decomposer		
clausal/logic/builtins/_helpers.py	196	_is_compound_py	is_term_instance(	typetest-compound		ORed into _is_compound_py's boolean result
clausal/logic/builtins/_helpers.py	276	_is_ground_py	is_term_instance(	decomposer		recurses ground-check over field values
clausal/logic/builtins/_helpers.py	277	_is_ground_py	term_field_names(	decomposer		
clausal/logic/builtins/_helpers.py	600	functor_arity	is_term_instance(	decomposer		
clausal/logic/builtins/_helpers.py	601	functor_arity	term_field_names(	decomposer		
clausal/logic/builtins/_helpers.py	851	_standard_order_key	is_term_instance(	decomposer		
clausal/logic/builtins/_helpers.py	852	_standard_order_key	term_field_names(	decomposer		
clausal/logic/builtins/_registry.py	230	structural_unify	is_term_instance(	typetest-compound		
clausal/logic/builtins/_registry.py	231	structural_unify	is_term_instance(	typetest-compound		
clausal/logic/builtins/_registry.py	234	structural_unify	term_field_names(	decomposer		
clausal/logic/builtins/_registry.py	248	structural_unify	._fields	decomposer		false positive: this is KWTerm's own dict-backed _fields attribute (__slots__ = ('_functor', '_fields', '_position') in clausal/terms.py), not a PredicateMeta instance's class-level _fields tuple -- out of scope for P2
clausal/logic/builtins/_registry.py	248	structural_unify	._fields	decomposer		false positive: this is KWTerm's own dict-backed _fields attribute (__slots__ = ('_functor', '_fields', '_position') in clausal/terms.py), not a PredicateMeta instance's class-level _fields tuple -- out of scope for P2
clausal/logic/builtins/_registry.py	479	_build_all_builtin_classes	make_predicate(	constructor		mints a PREDICATE class for a single-arity builtin (has a dispatch_fn); predicate classes stay until P4 (R-P2-2) so this call site itself is untouched by P2, but the pattern match is a genuine make_predicate( constructor call
clausal/logic/builtins/_registry.py	495	_build_all_builtin_classes	make_predicate(	constructor		same as 479, the multi-arity wrapper branch
clausal/logic/builtins/attributes.py	234	_collect_attvars	is_term_instance(	typetest-compound		
clausal/logic/builtins/attributes.py	235	_collect_attvars	term_field_names(	decomposer		
clausal/logic/builtins/control.py	53	_goal_dispatch_and_args	is_term_instance(	typetest-compound		
clausal/logic/builtins/control.py	59	_goal_dispatch_and_args	term_field_names(	decomposer		
clausal/logic/builtins/database_ops.py	117	_freeze_asserted_head_args	is_term_instance(	typetest-compound		
clausal/logic/builtins/database_ops.py	119	_freeze_asserted_head_args	term_field_names(	decomposer		field names read off the existing instance to rebuild a fresh one via type(head)(...)
clausal/logic/builtins/database_ops.py	311	_find_pred_cls	isinstance(<x>, PredicateMeta)	typetest-predicate		
clausal/logic/builtins/database_ops.py	313	_find_pred_cls	._fields	typetest-predicate		len(own._fields) == arity is part of the same predicate-identity check as the isinstance on this line, not a value decomposition
clausal/logic/builtins/database_ops.py	325	_find_pred_cls._arity_checked	isinstance(<x>, PredicateMeta)	typetest-predicate		
clausal/logic/builtins/database_ops.py	326	_find_pred_cls._arity_checked	._fields	typetest-predicate		len(cls_obj._fields or ()) == arity, same arity-checked predicate-identity test as the isinstance on this line
clausal/logic/builtins/dcg.py	110	_phrase__2	is_term_instance(	typetest-compound		
clausal/logic/builtins/dcg.py	113	_phrase__2	term_field_names(	decomposer		
clausal/logic/builtins/dcg.py	152	_phrase__3	is_term_instance(	typetest-compound		
clausal/logic/builtins/dcg.py	154	_phrase__3	term_field_names(	decomposer		
clausal/logic/builtins/inspection.py	52	_copy_term_py	._fields	typetest-predicate		part of `isinstance(term, type) and isinstance(term, PredicateMeta) and not term._fields` -- zero-field-class check mirrors c_copy_term's PredicateMeta-class arm in _variables.c, not a decompose.
clausal/logic/builtins/inspection.py	52	_copy_term_py	isinstance(<x>, PredicateMeta)	typetest-predicate		same combined zero-field-class test as the ._fields row on this line.
clausal/logic/builtins/inspection.py	113	_copy_term_py	is_term_instance(	typetest-compound		
clausal/logic/builtins/inspection.py	119	_copy_term_py	term_field_names(	decomposer	needs-db	names feed cls._clausal_new(*...) / cls(**...) reconstruction right after; still a name read, no db in scope (module-level helper, no db param).
clausal/logic/builtins/inspection.py	123	_copy_term_py	term_field_names(	decomposer	needs-db	same as line 119, the cls(**{...}) branch.
clausal/logic/builtins/inspection.py	141	_collect_vars_py	._fields	typetest-predicate		same zero-field-class check as _copy_term_py:52.
clausal/logic/builtins/inspection.py	141	_collect_vars_py	isinstance(<x>, PredicateMeta)	typetest-predicate		
clausal/logic/builtins/inspection.py	188	_collect_vars_py	is_term_instance(	typetest-compound		
clausal/logic/builtins/inspection.py	189	_collect_vars_py	term_field_names(	decomposer	needs-db	getattr(term, name) per name to recurse; no db param on this walk helper.
clausal/logic/builtins/inspection.py	326	_construct_named	isinstance(<x>, PredicateMeta)	typetest-predicate		is name_val itself a predicate/data-functor class, deciding whether to construct via it.
clausal/logic/builtins/inspection.py	334	_construct_named	._fields	decomposer		reads field COUNT only (len match vs args) to gate the name_val(*args) constructor call right after; becomes cell_arity, no names/db needed.
clausal/logic/builtins/inspection.py	645	_global_atom__2	make_predicate(	annotation		inside the docstring's mode-table prose ("what make_predicate(name, []) builds"), not executed code.
clausal/logic/builtins/inspection.py	652	_global_atom__2	make_predicate(	annotation		inside the docstring's "P3-1 Task 7 sweep" paragraph, not executed code.
clausal/logic/builtins/io.py	157	_format_term_iso	is_term_instance(	typetest-compound		
clausal/logic/builtins/io.py	485	_format_clause_term	is_term_instance(	typetest-compound		
clausal/logic/builtins/io.py	501	_format_clause_head	is_term_instance(	typetest-compound		
clausal/logic/builtins/io.py	503	_format_clause_head	term_field_names(	decomposer	needs-db	getattr(head, f) per field to render "name(arg1, arg2)"; no db param on this diagnostic/print function.
clausal/logic/builtins/io.py	586	_as_name_arity_indicator	isinstance(<x>, PredicateMeta)	typetest-predicate		is the Name half of a Name/Arity indicator itself a predicate class.
clausal/logic/builtins/io.py	705	_make_listing__1._listing__1	is_term_instance(	annotation		inside a comment explaining why is_term_instance() is NOT called at this point in the flow -- not a real call.
clausal/logic/builtins/io.py	728	_make_listing__1._listing__1	is_term_instance(	typetest-compound		"Accept an instance -> resolve to its class".
clausal/logic/builtins/io.py	732	_make_listing__1._listing__1	isinstance(<x>, PredicateMeta)	typetest-predicate		
clausal/logic/builtins/io.py	734	_make_listing__1._listing__1	term_field_names_of_class(	decomposer		only len() used for arity -> becomes cell_arity post-rewrite; `db` IS in scope (the enclosing _make_listing__1(db) factory captures it), so no needs-db even though unused today.
clausal/logic/builtins/iso_compare.py	325	_numeric_types_agree	is_term_instance(	typetest-compound		
clausal/logic/builtins/iso_compare.py	326	_numeric_types_agree	term_field_names(	decomposer		
clausal/logic/builtins/iso_compare.py	327	_numeric_types_agree	term_field_names(	decomposer		second operand's field names, compared against the first for shape agreement
clausal/logic/builtins/keyword_ops.py	73	_vary__3	is_term_instance(	typetest-compound		
clausal/logic/builtins/keyword_ops.py	137	_unbound_keys__2	is_term_instance(	typetest-compound		
clausal/logic/builtins/keyword_ops.py	138	_unbound_keys__2	term_field_names(	decomposer		
clausal/logic/builtins/type_checks.py	225	_compound__1	is_term_instance(	typetest-compound		line reads `is_term_instance(x_val) and len(term_field_names(x_val)) > 0` -- an arity/shape check, not a value read
clausal/logic/builtins/type_checks.py	225	_compound__1	term_field_names(	typetest-compound		same line/purpose as the is_term_instance() row above: len() only, no getattr -- shape check not decomposition
clausal/logic/builtins/type_checks.py	278	_is_atomic_term	is_term_instance(	typetest-compound		
clausal/logic/builtins/type_checks.py	340	_callable__1_factory.callable___1	is_term_instance(	typetest-compound		
clausal/logic/builtins/type_checks.py	363	_callable__1_factory.callable___1	isinstance(<x>, PredicateMeta)	typetest-predicate		isinstance(x_val, type) and isinstance(x_val, PredicateMeta) -- x_val is itself a class value used as data, not an instance
clausal/logic/builtins/type_checks.py	497	_check_type	is_term_instance(	typetest-compound		
clausal/logic/builtins/type_checks.py	521	_check_type	is_term_instance(	typetest-compound		`is_term_instance(term) and len(term_field_names(term)) > 0` -- arity check for type_name == 'compound', same shape as line 225
clausal/logic/builtins/type_checks.py	521	_check_type	term_field_names(	typetest-compound		same line/purpose as the is_term_instance() row above: len() only
clausal/logic/clpb.py	52	(module scope)	make_predicate(	constructor		mints the BoolEq data-functor class
clausal/logic/clpb.py	53	(module scope)	make_predicate(	constructor		mints the BoolImpl data-functor class
clausal/logic/clpb.py	391	_expr_to_bdd	is_term_instance(	annotation		the literal text 'is_term_instance(' appears inside a prose comment ('is_term_instance() is wider than...'), not in executed code -- the real call is at line 398
clausal/logic/clpb.py	398	_expr_to_bdd	is_term_instance(	typetest-compound		the actual guard: `if is_term_instance(expr):` before the BoolEq/BoolImpl functor dispatch
clausal/logic/compiler/_ast_helpers.py	249	(module scope)	._fields	decomposer		false positive: this is the stdlib ast module's own AST-node ._fields tuple (ast.FunctionDef._fields), unrelated to PredicateMeta -- not a real site, kept for the record
clausal/logic/compiler/_lower_goalop_shared.py	129	_is_const_element	isinstance(<x>, PredicateMeta)	typetest-predicate		isinstance(term, PredicateMeta) tests whether a compile-time constant candidate is a predicate/data-functor class value
clausal/logic/compiler/_vars.py	142	_collect_vars	is_term_instance(	typetest-compound		
clausal/logic/compiler/_vars.py	144	_collect_vars	term_field_names(	decomposer		
clausal/logic/compiler/_vars.py	173	_collect_var_ids	is_term_instance(	typetest-compound		
clausal/logic/compiler/_vars.py	174	_collect_var_ids	term_field_names(	decomposer		
clausal/logic/compiler/arg_index.py	184	_arg_to_index_key	isinstance(<x>, PredicateMeta)	typetest-predicate		zero-arity predicate-class value keyed as (name, 0).
clausal/logic/compiler/arg_index.py	194	_arg_to_index_key	is_term_instance(	typetest-compound		
clausal/logic/compiler/arg_index.py	196	_arg_to_index_key	term_field_names(	decomposer		only len() used (arity) -> becomes cell_arity(t), no field names/db needed.
clausal/logic/compiler/arg_index.py	326	_is_deeply_ground_walk	is_term_instance(	typetest-compound		
clausal/logic/compiler/arg_index.py	329	_is_deeply_ground_walk	term_field_names(	decomposer	needs-db	getattr(val, name) per name to recurse; no db param on this walk helper.
clausal/logic/compiler/arg_index.py	386	_runtime_arg_key	isinstance(<x>, PredicateMeta)	typetest-predicate		
clausal/logic/compiler/arg_index.py	391	_runtime_arg_key	is_term_instance(	typetest-compound		
clausal/logic/compiler/arg_index.py	406	_runtime_arg_key	term_field_names(	decomposer		only len() used (arity) -> becomes cell_arity(t), no db needed.
clausal/logic/compiler/arg_index.py	550	hint_row	isinstance(<x>, PredicateMeta)	typetest-predicate		fallback class read when the row lookup misses; `db` is a hint_row parameter but this branch is specifically the no-row/db-absent fallback.
clausal/logic/compiler/arg_index.py	705	_extract_arg_key	is_term_instance(	typetest-compound		
clausal/logic/compiler/arg_index.py	706	_extract_arg_key	term_field_names(	decomposer	needs-db	fields[pos] then getattr by name; no db param on this clause-compiling helper.
clausal/logic/compiler/control_constructs.py	717	_lower_catcher	isinstance(<x>, PredicateMeta)	typetest-predicate		isinstance(resolved, PredicateMeta) on a name resolved from globals, to decide class-construction vs cell-literal for a throw-site catcher term
clausal/logic/compiler/globals_env.py	193	_GlobalsDb.signature_for	isinstance(<x>, PredicateMeta)	decomposer	needs-db	documented no-$module fallback branch of the _GlobalsDb.signature_for shim itself (db present -> db.row; db absent -> this class read) -- the plan stops the sweep here, this row IS the needs-db case.
clausal/logic/compiler/globals_env.py	194	_GlobalsDb.signature_for	._fields	decomposer	needs-db	documented no-$module fallback branch of the _GlobalsDb.signature_for shim itself (db present -> db.row; db absent -> this class read) -- the plan stops the sweep here, this row IS the needs-db case.
clausal/logic/compiler/globals_env.py	201	_record_term_type	is_term_instance(	annotation		docstring prose (backticked mention), not code -- the real call is line 41 of this printed excerpt = file line 235 etc, already a separate row
clausal/logic/compiler/globals_env.py	235	_collect_head_types._walk	is_term_instance(	decomposer		tree-walk collector: records the class then recurses fields
clausal/logic/compiler/globals_env.py	237	_collect_head_types._walk	term_field_names(	decomposer		
clausal/logic/compiler/globals_env.py	267	_collect_py_thunks._walk	is_term_instance(	decomposer		same collector-walk shape as 235/237, different collector
clausal/logic/compiler/globals_env.py	268	_collect_py_thunks._walk	term_field_names(	decomposer		
clausal/logic/compiler/globals_env.py	299	_collect_types_from_term._walk	is_term_instance(	decomposer		same collector-walk shape
clausal/logic/compiler/globals_env.py	301	_collect_types_from_term._walk	term_field_names(	decomposer		
clausal/logic/compiler/globals_env.py	337	_collect_call_targets._walk	is_term_instance(	decomposer		same collector-walk shape
clausal/logic/compiler/globals_env.py	338	_collect_call_targets._walk	term_field_names(	decomposer		
clausal/logic/compiler/globals_env.py	379	_collect_globals_info._walk_head	is_term_instance(	decomposer		same collector-walk shape (head variant)
clausal/logic/compiler/globals_env.py	381	_collect_globals_info._walk_head	term_field_names(	decomposer		
clausal/logic/compiler/globals_env.py	452	_collect_globals_info._walk_body	is_term_instance(	decomposer		same collector-walk shape (body variant, single-pass collector)
clausal/logic/compiler/globals_env.py	454	_collect_globals_info._walk_body	term_field_names(	decomposer		
clausal/logic/compiler/globals_env.py	577	_inject_resolved_targets._maybe_cache_dispatch	isinstance(<x>, PredicateMeta)	typetest-predicate		gates whether a locked row's dispatch is baked into compiled globals
clausal/logic/compiler/goal_shallow.py	274	_head_has_deferred_pattern._walk	is_term_instance(	typetest-compound		
clausal/logic/compiler/goal_shallow.py	275	_head_has_deferred_pattern._walk	term_field_names(	decomposer		
clausal/logic/compiler/head_match.py	125	_matched_field_names	term_field_names(	decomposer	needs-db	names feed the head-pattern's field list directly; no db param.
clausal/logic/compiler/head_match.py	126	_matched_field_names	isinstance(<x>, PredicateMeta)	typetest-compound		census text reads isinstance(type(term), PredicateMeta) -- an instance test (is term an instance of a PredicateMeta class), not a class-value test.
clausal/logic/compiler/head_match.py	236	_resolved_field_names	._fields	annotation		inside the docstring ("Accepts both PredicateMeta classes (via cls._fields)...").
clausal/logic/compiler/head_match.py	255	_resolved_field_names	term_field_names_of_class(	decomposer	needs-db	the function's whole job is resolving the field-name tuple; no db param.
clausal/logic/compiler/head_match.py	757	head_to_match_pattern	isinstance(<x>, PredicateMeta)	typetest-predicate		
clausal/logic/compiler/head_match.py	858	head_to_match_pattern	isinstance(<x>, PredicateMeta)	typetest-predicate		`isinstance(term, type) and isinstance(term, PredicateMeta)` -- term itself (already known to be a type) tested as a predicate class value.
clausal/logic/compiler/head_match.py	872	head_to_match_pattern	is_term_instance(	typetest-compound		
clausal/logic/compiler/head_match.py	1901	_head_arg_patterns	is_term_instance(	typetest-compound		
clausal/logic/compiler/head_match.py	1902	_head_arg_patterns	term_field_names(	decomposer	needs-db	getattr(head, name) per name to build per-arg patterns; no db param.
clausal/logic/compiler/list_dispatch.py	77	_get_head_arg	is_term_instance(	typetest-compound		
clausal/logic/compiler/list_dispatch.py	78	_get_head_arg	term_field_names(	decomposer	needs-db	fields[pos] then getattr by name; no db param.
clausal/logic/compiler/list_dispatch.py	171	_lift_clause_at_pos	is_term_instance(	typetest-compound		
clausal/logic/compiler/list_dispatch.py	172	_lift_clause_at_pos	term_field_names(	decomposer	needs-db	fields[pos] then getattr by name; no db param.
clausal/logic/compiler/list_dispatch.py	361	_lift_clause_at_pos	term_field_names(	decomposer	needs-db	names feed a type(head)(**new_kwargs) reconstruction right after; still reads the class's field NAMES (not just count) and the function has no db param.
clausal/logic/compiler/list_dispatch.py	412	_nested_term_carries_a_literal	is_term_instance(	typetest-compound		
clausal/logic/compiler/list_dispatch.py	415	_nested_term_carries_a_literal	term_field_names(	decomposer	needs-db	getattr(term, n) per name to recurse; no db param.
clausal/logic/compiler/list_dispatch.py	477	_lifted_head_arg_needs_deep_gate	is_term_instance(	typetest-compound		
clausal/logic/compiler/list_dispatch.py	480	_lifted_head_arg_needs_deep_gate	term_field_names(	decomposer	needs-db	getattr(term, n) per name to recurse; no db param.
clausal/logic/compiler/predicate.py	909	_compile_predicate_trampoline_impl	isinstance(<x>, PredicateMeta)	typetest-predicate		auto-detects pred_cls: a globals_ lookup by functor name, kept only if it is a predicate class
clausal/logic/compiler/predicate.py	1034	_compile_predicate_trampoline_impl	isinstance(<x>, PredicateMeta)	typetest-predicate		same auto-detect pattern as 909, base_globals variant
clausal/logic/compiler/predicate.py	1549	(module scope)	._fields	decomposer		false positive: this is the stdlib ast module's own AST-node ._fields tuple (ast.FunctionDef._fields), unrelated to PredicateMeta -- not a real site, kept for the record
clausal/logic/compiler/predicate.py	1743	_compile_predicate_shallow_impl	isinstance(<x>, PredicateMeta)	typetest-predicate		same auto-detect pattern as 909, shallow-compiler variant
clausal/logic/compiler/predicate.py	1858	_compile_predicate_shallow_impl	isinstance(<x>, PredicateMeta)	typetest-predicate		same auto-detect pattern as 909, shallow-compiler base_globals variant
clausal/logic/compiler/predicate.py	2227	_install	isinstance(<x>, PredicateMeta)	typetest-predicate		guard before writing the dispatch fn through the class's row-bound properties
clausal/logic/compiler/terms_to_ast.py	99	_is_opaque_head_literal	is_term_instance(	typetest-compound		
clausal/logic/compiler/terms_to_ast.py	101	_is_opaque_head_literal	isinstance(<x>, PredicateMeta)	typetest-predicate		`isinstance(term, type) and isinstance(term, PredicateMeta)` -- term itself, a type value, tested as a predicate class.
clausal/logic/compiler/terms_to_ast.py	315	functor_signature_for	term_field_names_of_class(	decomposer	needs-db	fallback when the (soon-retired) module-level FUNCTOR_SIGNATURES_KEY registry has no entry; this whole function is the pre-registry version of what R-P2-1's db.signature_for replaces -- no db param today.
clausal/logic/compiler/terms_to_ast.py	372	cell_signature_for_name	isinstance(<x>, PredicateMeta)	typetest-predicate		bails to None (goal, not data) when the resolved binding is itself a predicate class.
clausal/logic/compiler/terms_to_ast.py	540	unnameable_instance_cell_functor	isinstance(<x>, PredicateMeta)	typetest-compound		`cls = type(term); isinstance(cls, PredicateMeta)` -- the same "is term an instance" question is_term_instance answers, just spelled via type(term).
clausal/logic/compiler/terms_to_ast.py	1029	term_to_ast_expr	isinstance(<x>, PredicateMeta)	typetest-predicate		is the resolved functor binding itself a predicate class (as opposed to declared data); gates whether keyword placement is allowed.
clausal/logic/compiler/terms_to_ast.py	1064	term_to_ast_expr	is_term_instance(	typetest-compound		
clausal/logic/compiler/terms_to_ast.py	1070	term_to_ast_expr	term_field_names(	decomposer	needs-db	names drive both the cell-literal arg order and the keyword-constructor call built below; no db param on this AST-lowering function.
clausal/logic/compiler/terms_to_ast.py	1102	term_to_ast_expr	isinstance(<x>, PredicateMeta)	typetest-predicate		gates the fast-constructor (_clausal_new) optimisation.
clausal/logic/compiler/terms_to_ast.py	1217	term_to_ast_expr	isinstance(<x>, PredicateMeta)	typetest-predicate		"a predicate CLASS ... in term position" -- the atom/predicate name-clash arm.
clausal/logic/compiler/tro.py	223	_tro_args_safe_ir	is_term_instance(	typetest-compound		
clausal/logic/compiler/tro.py	224	_tro_args_safe_ir	term_field_names(	decomposer		
clausal/logic/compiler/tro.py	434	_tro_args_safe	is_term_instance(	typetest-compound		
clausal/logic/compiler/tro.py	435	_tro_args_safe	term_field_names(	decomposer		
clausal/logic/compiler/tro.py	483	_head_has_unifying_list_pattern	is_term_instance(	typetest-compound		
clausal/logic/compiler/tro.py	484	_head_has_unifying_list_pattern	term_field_names(	decomposer		
clausal/logic/compiler_v2.py	239	compile_module	isinstance(<x>, PredicateMeta)	typetest-predicate		measured guard: 34/14615 arrivals bind something other than a predicate class under a clause-bearing functor
clausal/logic/compiler_v2.py	261	compile_module	._fields	decomposer		seeds _signature from the class's own declared field tuple when unset
clausal/logic/compiler_v2.py	291	compile_module	isinstance(<x>, PredicateMeta)	typetest-predicate		-dynamic arity stamping guard
clausal/logic/compiler_v2.py	332	compile_module	._fields	decomposer		same _signature-from-_fields fallback as 261, step 4a (dynamic) leg
clausal/logic/compiler_v2.py	400	compile_module	isinstance(<x>, PredicateMeta)	typetest-predicate		step 7 lock loop: filters module_dict.values() to predicate classes
clausal/logic/compiler_v2.py	401	compile_module	._fields	decomposer		reads arity off the class to build the lock key, same loop as 400
clausal/logic/compiler_v2.py	535	_imported_reference	._fields	decomposer		zero-field/atom-widening check: value._fields non-empty means value is not a bare atom
clausal/logic/compiler_v2.py	535	_imported_reference	isinstance(<x>, PredicateMeta)	typetest-predicate		paired with the ._fields read on the same line to test atom-widening eligibility
clausal/logic/compiler_v2.py	745	_import_from_origins	isinstance(<x>, PredicateMeta)	typetest-predicate		records only predicate-class origins for -import_from bindings
clausal/logic/compiler_v2.py	779	_refuse_foreign_writes	isinstance(<x>, PredicateMeta)	typetest-predicate		guard before falling back to _imported_class
clausal/logic/compiler_v2.py	812	_imported_class	isinstance(<x>, PredicateMeta)	typetest-predicate		only returns the imported binding if it is actually a predicate class
clausal/logic/compiler_v2.py	932	_validate_directive_targets	isinstance(<x>, PredicateMeta)	typetest-predicate		db has no row for this declared-but-unrowed predicate yet, so the class is consulted directly -- db IS in scope here, this is a signature_for(R-P2-1) gap, not a missing-db one
clausal/logic/compiler_v2.py	936	_validate_directive_targets	term_field_names_of_class(	decomposer		field names read off the class to confirm its declared arity == the directive's arity; same db-in-scope-but-rowless note as 932
clausal/logic/compiler_v2.py	974	_refuse_untablable_target	isinstance(<x>, PredicateMeta)	typetest-predicate		sibling of 932 in _refuse_untablable_target; measured to disagree with a db.row test on 3/8 targets (ghost/2, solve_tiny/1, solve_count_tabled/2)
clausal/logic/compiler_v2.py	975	_refuse_untablable_target	term_field_names_of_class(	decomposer		same arity-confirmation read as 936
clausal/logic/compiler_v2.py	1087	_preregister_specializations	isinstance(<x>, PredicateMeta)	typetest-predicate		guard: does -specialize's MI name resolve to a predicate class
clausal/logic/compiler_v2.py	1100	_preregister_specializations	make_predicate(	constructor		mints the empty specialized-predicate class
clausal/logic/compiler_v2.py	1122	_run_specialization	isinstance(<x>, PredicateMeta)	typetest-predicate		same MI-name guard as 1087, in the full run (not just pre-registration)
clausal/logic/compiler_v2.py	1150	_run_specialization	isinstance(<x>, PredicateMeta)	typetest-predicate		branches on whether the -specialize source program is a predicate or a plain list
clausal/logic/compiler_v2.py	1172	_run_specialization	isinstance(<x>, PredicateMeta)	typetest-predicate		reuse pre-registered class if -preregister_specializations already minted one
clausal/logic/compiler_v2.py	1845	_process_declarations	isinstance(<x>, PredicateMeta)	typetest-predicate		don't clobber an existing real predicate class when binding a bare declared atom
clausal/logic/compiler_v2.py	1884	_process_declarations	isinstance(<x>, PredicateMeta)	typetest-predicate		don't clobber an existing clause-carrying predicate class when binding a declared data functor
clausal/logic/constants.py	144	_freeze	is_term_instance(	typetest-compound		
clausal/logic/constants.py	147	_freeze	term_field_names(	decomposer		field names read off the old instance and re-frozen into a make_cell(...) call -- the read half of a rebuild
clausal/logic/constants.py	259	constant_functor_term	isinstance(<x>, PredicateMeta)	typetest-predicate		isinstance(binding, PredicateMeta) tests whether a namespace-resolved name is a predicate/data class before constructing binding(*args, **kwargs)
clausal/logic/constraints.py	149	_collect_free_vars._walk	is_term_instance(	typetest-compound		
clausal/logic/constraints.py	150	_collect_free_vars._walk	term_field_names(	decomposer		
clausal/logic/constraints.py	180	_structural_unify_oc	is_term_instance(	typetest-compound		second occurrence, same line -- see structural_unify's identical pattern in builtins/_registry.py
clausal/logic/constraints.py	180	_structural_unify_oc	is_term_instance(	typetest-compound		second occurrence, same line -- see structural_unify's identical pattern in builtins/_registry.py
clausal/logic/constraints.py	185	_structural_unify_oc	term_field_names(	decomposer		
clausal/logic/coroutining.py	145	_install_when_condition	is_term_instance(	typetest-compound		combined with a functor-name check ('nonvar') to recognise a specific coroutine condition shape
clausal/logic/coroutining.py	146	_install_when_condition	term_field_names(	decomposer		
clausal/logic/coroutining.py	158	_install_when_condition	is_term_instance(	typetest-compound		same pattern for the 'ground' condition shape
clausal/logic/coroutining.py	159	_install_when_condition	term_field_names(	decomposer		
clausal/logic/database.py	1076	Database.mark_tabled	isinstance(<x>, PredicateMeta)	typetest-predicate		stamps _tabled_home_db on the minted class if module_dict has one
clausal/logic/database.py	1221	_is_normalizable_fact	is_term_instance(	typetest-compound		gate: eligible for Var+Is normalization only if head is a (non-builtin) term instance
clausal/logic/database.py	1227	_is_normalizable_fact	term_field_names(	decomposer		
clausal/logic/database.py	1245	_normalize_dataclass_fact	term_field_names(	decomposer		reads fields to rebuild a normalized head; the function's OWN rebuild (type(head)(**new_kwargs)) is the constructor half, out of this pattern's match window
clausal/logic/database.py	1277	_is_structural_head_value	is_term_instance(	typetest-compound		decides whether a head arg is structural enough to need hoisting
clausal/logic/database.py	1352	_normalize_structural_head_args	is_term_instance(	typetest-compound		early guard, mirrors 1221 for structural (not dataclass) normalization
clausal/logic/database.py	1354	_normalize_structural_head_args	term_field_names(	decomposer		
clausal/logic/database.py	1401	head_key	is_term_instance(	typetest-compound		branch selector inside head_key's functor/arity dispatch
clausal/logic/database.py	1402	head_key	term_field_names(	decomposer		arity = len(fields) for the functor-instance branch
clausal/logic/database.py	1409	head_key	._fields	decomposer		confirms zero arity for a bare (clause-less) predicate class reaching the head channel
clausal/logic/database.py	1409	head_key	isinstance(<x>, PredicateMeta)	typetest-predicate		head_key's zero-arity-class branch: head IS the class itself, not an instance
clausal/logic/database.py	1470	_extract_param_names	is_term_instance(	typetest-compound		guard before extracting keyword parameter names
clausal/logic/database.py	1475	_extract_param_names	term_field_names(	decomposer		the function's whole job: return the field-name tuple
clausal/logic/goal_expansion.py	129	_collect_vars_from_term	is_term_instance(	typetest-compound		
clausal/logic/goal_expansion.py	130	_collect_vars_from_term	term_field_names(	decomposer		
clausal/logic/predicate.py	270	_term_construction_error	._fields	decomposer	needs-db	cls._fields read to format a field-name-mismatch diagnostic; only cls in scope, no db.
clausal/logic/predicate.py	317	_term_arity_error	._fields	decomposer	needs-db	same diagnostic pattern as line 270 (_term_arity_error).
clausal/logic/predicate.py	550	_head_arity	isinstance(<x>, PredicateMeta)	typetest-predicate		is head itself a bare predicate/data class value (as opposed to an instance)?
clausal/logic/predicate.py	557	_head_arity	term_field_names(	decomposer		fallback branch: only the length is used (arity), not the names.
clausal/logic/predicate.py	770	PredicateMeta.__new__	make_predicate(	annotation		docstring/comment prose, not executed code.
clausal/logic/predicate.py	854	PredicateMeta._detached_row	._fields	decomposer		getattr(cls, '_fields', ()) to mint a private detached row; only the count is used.
clausal/logic/predicate.py	1118	PredicateMeta.__call__	._fields	constructor		PredicateMeta.__call__: maps positional args onto the class's declared fields to build the instance.
clausal/logic/predicate.py	1121	PredicateMeta.__call__	._fields	constructor		same __call__ constructor path as 1118.
clausal/logic/predicate.py	1168	PredicateMeta._arity	._fields	decomposer		_arity property: len(cls._fields).
clausal/logic/predicate.py	1265	PredicateMeta._get_dispatch	._fields	annotation		comment explaining the len(cls._fields) choice on the next line.
clausal/logic/predicate.py	1268	PredicateMeta._get_dispatch	._fields	decomposer		_get_dispatch: arity == len(cls._fields) check before dispatching.
clausal/logic/predicate.py	1392	PredicateMeta._declared_arity	._fields	decomposer		_declared_arity: len(cls._fields) used as a veto on a directive-declared arity.
clausal/logic/predicate.py	1444	PredicateMeta.__repr__	._fields	decomposer		__repr__: 'not cls._fields' selects the atom-vs-compound repr branch.
clausal/logic/predicate.py	1484	_dispatch_at	isinstance(<x>, PredicateMeta)	typetest-predicate		_dispatch_at: is obj a predicate class, to route to obj._get_dispatch(arity).
clausal/logic/predicate.py	1540	_is_term_instance_py	isinstance(<x>, PredicateMeta)	definition		_is_term_instance_py -- the Python reference implementation of is_term_instance itself.
clausal/logic/predicate.py	1553	_is_zero_field_class_py	._fields	definition		_is_zero_field_class_py -- reference implementation of the zero-arity-class (atom) test.
clausal/logic/predicate.py	1553	_is_zero_field_class_py	isinstance(<x>, PredicateMeta)	definition		_is_zero_field_class_py -- same definition as the ._fields row at this line.
clausal/logic/predicate.py	1559	_term_field_names_py	isinstance(<x>, PredicateMeta)	definition		_term_field_names_py -- reference implementation of term_field_names.
clausal/logic/predicate.py	1560	_term_field_names_py	._fields	definition		_term_field_names_py -- returns cls._fields for the PredicateMeta branch.
clausal/logic/predicate.py	1566	term_field_names_of_class	term_field_names_of_class(	definition		def term_field_names_of_class(cls) -- this IS the helper's own definition.
clausal/logic/predicate.py	1570	term_field_names_of_class	._fields	definition		term_field_names_of_class -- PredicateMeta branch returns cls._fields.
clausal/logic/predicate.py	1583	term_field_names_of_class	isinstance(<x>, PredicateMeta)	definition		term_field_names_of_class -- class-vs-dataclass dispatch.
clausal/logic/predicate.py	1584	term_field_names_of_class	._fields	definition		term_field_names_of_class -- same as 1570 (duplicate branch check).
clausal/logic/predicate.py	1596	term_field_values	term_field_names(	definition		def term_field_values(obj) -- delegates to term_field_names in its own definition body.
clausal/logic/predicate.py	1602	term_field_dict	term_field_names(	definition		def term_field_dict(obj) -- delegates to term_field_names in its own definition body.
clausal/logic/predicate.py	1606	term_field_dict	term_field_names(	definition		term_field_dict -- second reference to term_field_names in the same comprehension line count; same def.
clausal/logic/predicate.py	1738	_describe_term_identity_mismatch	isinstance(<x>, PredicateMeta)	typetest-compound		diagnostic-only: recognises whether obj's class is THIS copy's PredicateMeta, for the two-copies-of-clausal error message; not part of the ordinary term pipeline.
clausal/logic/predicate.py	1757	_describe_term_identity_mismatch	._fields	decomposer	needs-db	same diagnostic (foreign-copy detection): reads a FOREIGN class's _fields to decide if it is even functor-shaped before describing the mismatch; permanently cross-copy, no db.
clausal/logic/predicate.py	1773	make_predicate	make_predicate(	definition		def make_predicate(name, fields) -- this IS the helper's own definition.
clausal/logic/predicate.py	1779	make_predicate	make_predicate(	annotation		docstring usage example inside make_predicate's own docstring.
clausal/logic/predicate.py	1804	make_atom	make_predicate(	annotation		docstring prose inside make_atom referencing make_predicate.
clausal/logic/seam.py	137	seam_term.build	isinstance(<x>, PredicateMeta)	typetest-predicate		isinstance(binding, PredicateMeta) decides whether a resolved functor name is a predicate (raises) vs a data-functor/cell path
clausal/logic/solve.py	99	_deref_walk_py	is_term_instance(	typetest-compound		dispatches _deref_walk_py to the instance-shaped rebuild branch
clausal/logic/solve.py	120	_deref_walk_py	term_field_names(	decomposer		matched call is term_field_names( -- the decomposer half of the round-trip (plan's rewrite 2); the constructor call (cls._clausal_new/cls(**kwargs)) is a separate, unmatched expression on the same statement
clausal/logic/solve.py	124	_deref_walk_py	term_field_names(	decomposer		matched call is term_field_names( -- the decomposer half of the round-trip (plan's rewrite 2); the constructor call (cls._clausal_new/cls(**kwargs)) is a separate, unmatched expression on the same statement
clausal/logic/solve.py	234	_term_to_goal	isinstance(<x>, PredicateMeta)	typetest-compound		isinstance(type(term), PredicateMeta) asks 'is term an instance', not 'is term a predicate class'
clausal/logic/solve.py	236	_term_to_goal	term_field_names(	decomposer		builds AstCall args from instance fields
clausal/logic/solve.py	312	_structural_key	isinstance(<x>, PredicateMeta)	typetest-compound		same isinstance(type(t), PredicateMeta) instance-test shape as 234
clausal/logic/solve.py	315	_structural_key	term_field_names(	decomposer		recursive structural cache key over instance fields
clausal/logic/solve.py	439	_goal_cache_key	isinstance(<x>, PredicateMeta)	typetest-compound		one arm of an OR deciding whether a goal shape is cacheable
clausal/logic/solve.py	500	_templatize_query_goal	isinstance(<x>, PredicateMeta)	typetest-compound		same instance-test shape as 234/312
clausal/logic/solve.py	503	_templatize_query_goal	term_field_names(	decomposer		iterates fields to parameterize ground arguments
clausal/logic/solve.py	936	_infer_module._find_pred_class	isinstance(<x>, PredicateMeta)	typetest-compound		_find_pred_class: is this term an instance whose class it should return
clausal/logic/solve.py	1327	_tabled_call_site	is_term_instance(	typetest-compound		branch selector alongside the Call/dotted-owner legs above it
clausal/logic/solve.py	1329	_tabled_call_site	term_field_names(	decomposer		builds goal_args from instance fields
clausal/logic/specialization.py	101	analyze_mi	._fields	decomposer	needs-db	pred_cls._fields feeds _find_program_arg(fields) which matches by field NAME; pred_cls only, no db.
clausal/logic/specialization.py	431	specialize_mi	make_predicate(	constructor		specialize_mi mints the new specialized predicate class.
clausal/logic/specialization.py	460	_specialized_fields	._fields	decomposer	needs-db	reads the original head class's field names, by name, to drop the program arg and build the new field list.
clausal/logic/specialization.py	501	_make_base_clause	._fields	decomposer	needs-db	orig_head.__class__._fields read by name; used as getattr(orig_head, fname) below to build the new head.
clausal/logic/specialization.py	564	_unfold_tail	._fields	decomposer	needs-db	same cross-class field-name read as 501, for the tail-recursive unfold.
clausal/logic/specialization.py	661	_unfold_split	._fields	decomposer	needs-db	same cross-class field-name read as 564, for the split-recursive unfold.
clausal/logic/specialization.py	843	_map_mi_vars	._fields	decomposer	needs-db	_map_mi_vars: field names of the recursive clause head, used to map internal MI variables.
clausal/logic/specialization.py	884	_ensure_vars_mapped	is_term_instance(	decomposer		generic term-walk: paired with term_field_names(term)+getattr at 885, the decomposer triple over an arbitrary term.
clausal/logic/specialization.py	885	_ensure_vars_mapped	term_field_names(	decomposer		paired with 884; recursion only needs values via getattr, not the names themselves.
clausal/logic/specialization.py	927	_subst	is_term_instance(	decomposer		_subst: same decomposer triple as 884/885, generic term substitution.
clausal/logic/specialization.py	929	_subst	term_field_names(	decomposer		paired with 927; used for getattr then type(term)(**new_fields) reconstruction (not shown in matched lines).
clausal/logic/specialization.py	947	_subst_recursive_call_extra_args	._fields	decomposer		orig_fields read but the loop only uses the INDEX i, not fname -- fname is bound and unused.
clausal/logic/specialization.py	948	_subst_recursive_call_extra_args	._fields	decomposer		new_fields = pred_cls._fields is computed but never referenced again in the function -- dead code.
clausal/logic/specialization.py	1012	_make_residual_clause	._fields	decomposer	needs-db	_make_residual_clause: same cross-class field-name read pattern as _unfold_tail/_unfold_split.
clausal/logic/specialization.py	1454	specialize_mi_deep	make_predicate(	constructor		specialize_mi_deep mints the new specialized predicate class.
clausal/logic/specialization.py	1607	_try_inline_goal	._fields	decomposer	needs-db	spec_fields = pred_cls._fields, compared by name against the recursive clause's field at goal_arg.
clausal/logic/specialization.py	1610	_try_inline_goal	._fields	decomposer	needs-db	the actual name comparison: fname == pattern...._fields[pattern.goal_arg].
clausal/logic/specialization.py	1792	specialize_mi_cpd	make_predicate(	constructor		specialize_mi_cpd mints the new specialized predicate class.
clausal/logic/specialization.py	1975	_get_goal_list_arg	._fields	decomposer	needs-db	_get_goal_list_arg: spec_fields by name, matched against the original goal-field name.
clausal/logic/specialization.py	1976	_get_goal_list_arg	._fields	decomposer	needs-db	orig_fields read to get the goal field's NAME (orig_fields[pattern.goal_arg]).
clausal/logic/specialization.py	2027	_unfold_body_goal	is_term_instance(	typetest-compound		generic compound test on an arbitrary substituted term, before deciding whether to re-type it into pred_cls.
clausal/logic/specialization.py	2029	_unfold_body_goal	term_field_names(	decomposer	needs-db	reconstructs via pred_cls(**field_vals) using field NAMES read off a possibly-different source class -- a cross-class rename by name.
clausal/logic/specialization.py	2075	_unfold_body_goal	._fields	decomposer	needs-db	spec_fields by name, feeding orig_name_to_idx name->index map built two lines below.
clausal/logic/specialization.py	2076	_unfold_body_goal	._fields	decomposer	needs-db	orig_fields by name, source of the orig_name_to_idx map.
clausal/logic/specialization.py	2153	_get_goal_field_idx	._fields	decomposer	needs-db	_get_goal_field_idx: orig_fields by name to get the goal field's name.
clausal/logic/specialization.py	2155	_get_goal_field_idx	._fields	decomposer	needs-db	pred_cls._fields compared by name (fname == goal_field_name) to find the matching index.
clausal/logic/tabling.py	496	_normalize_for_key_py	is_term_instance(	typetest-compound		
clausal/logic/tabling.py	498	_normalize_for_key_py	term_field_names(	decomposer		
clausal/logic/term_expansion.py	44	_is_term_expansion_clause	isinstance(<x>, PredicateMeta)	typetest-compound		`isinstance(type(head), PredicateMeta)` -- an instance test (is head an instance of a PredicateMeta class), not a class-value test.
clausal/logic/term_expansion.py	107	run_term_expansion	isinstance(<x>, PredicateMeta)	typetest-predicate		is the module-dict entry named term_expansion itself a predicate class.
clausal/logic/term_expansion.py	160	_collect_imported_te_clauses	isinstance(<x>, PredicateMeta)	typetest-predicate		same question for an imported module's binding.
clausal/logic/term_expansion.py	173	_make_module_state	make_predicate(	constructor		mints module_expansion_state's class then instantiates it in the same statement.
clausal/logic/term_expansion.py	203	_collect_functor_arities	is_term_instance(	typetest-compound		
clausal/logic/term_expansion.py	204	_collect_functor_arities	term_field_names(	decomposer	needs-db	getattr(node, fname) per name to recurse; no db param.
clausal/logic/term_expansion.py	228	_compile_expansion_rules	make_predicate(	constructor		mints the term_expansion class.
clausal/logic/term_expansion.py	232	_compile_expansion_rules	make_predicate(	constructor		mints the module_expansion_state class.
clausal/logic/term_expansion.py	245	_compile_expansion_rules	make_predicate(	constructor		pre-mints a class per functor referenced in the expansion patterns.
clausal/modules/reflection.py	197	_subterms	is_term_instance(	typetest-compound		
clausal/modules/reflection.py	198	_subterms	term_field_names(	decomposer		
clausal/modules/reflection.py	445	_rewrites	is_term_instance(	typetest-compound		
clausal/modules/reflection.py	446	_rewrites	term_field_names(	decomposer		
clausal/predicate_diagnostics.py	194	_arity_of	isinstance(<x>, PredicateMeta)	typetest-predicate		guard before reading a predicate class's declared arity
clausal/reflection.py	101	(module scope)	make_predicate(	constructor		Task 6's reified-vocabulary classes: Clause.
clausal/reflection.py	102	(module scope)	make_predicate(	constructor		Task 6's reified-vocabulary classes: Goal.
clausal/reflection.py	103	(module scope)	make_predicate(	constructor		Task 6's reified-vocabulary classes: Variable.
clausal/reflection.py	104	(module scope)	make_predicate(	constructor		Task 6's reified-vocabulary classes: Atom.
clausal/reflection.py	105	(module scope)	make_predicate(	constructor		Task 6's reified-vocabulary classes: Escape.
clausal/reflection.py	106	(module scope)	make_predicate(	constructor		Task 6's reified-vocabulary classes: FormatString.
clausal/reflection.py	107	(module scope)	make_predicate(	constructor		Task 6's reified-vocabulary classes: IfThenElse.
clausal/reflection.py	108	(module scope)	make_predicate(	constructor		Task 6's reified-vocabulary classes: ModuleDirective.
clausal/reflection.py	109	(module scope)	make_predicate(	constructor		Task 6's reified-vocabulary classes: PythonCode.
clausal/repl.py	148	_conj	is_term_instance(	typetest-compound		
clausal/repl.py	150	_conj	term_field_names(	decomposer		
clausal/repl.py	200	_iter_from_goal	is_term_instance(	typetest-compound		
clausal/repl.py	221	_iter_from_goal	term_field_names(	decomposer		
clausal/templating/term_rewriting.py	4275	_make_functor_class_ast	_make_functor_class_ast(	constructor		this IS the AST-generator's own def (not predicate.py, so the brief's `definition` kind does not apply); its whole job is emitting the class-minting AST.
clausal/templating/term_rewriting.py	4283	_make_functor_class_ast	isinstance(<x>, PredicateMeta)	annotation		inside the docstring's example-generated-code block.
clausal/templating/term_rewriting.py	4322	_make_functor_class_ast	isinstance(<x>, PredicateMeta)	annotation		inside the docstring's guard-rationale prose.
clausal/templating/term_rewriting.py	6453	EmbedTransformer._build_fact_statements	_make_functor_class_ast(	constructor		
clausal/templating/term_rewriting.py	6487	EmbedTransformer._build_zero_arity_fact_statements	_make_functor_class_ast(	constructor		
clausal/templating/term_rewriting.py	7476	EmbedTransformer.visit_Expr	_make_functor_class_ast(	constructor		
clausal/templating/term_rewriting.py	7571	EmbedTransformer._handle_directive	_make_functor_class_ast(	constructor		
clausal/templating/term_rewriting.py	7712	EmbedTransformer._declare_predicate_export	_make_functor_class_ast(	constructor		
clausal/templating/term_rewriting.py	7832	EmbedTransformer._handle_module_directive	_make_functor_class_ast(	constructor		
clausal/templating/term_rewriting.py	7912	EmbedTransformer._handle_private_directive	_make_functor_class_ast(	constructor		
clausal/templating/term_rewriting.py	9146	EmbedTransformer._handle_edcg_pred_directive	_make_functor_class_ast(	constructor		
clausal/templating/term_rewriting.py	9462	EmbedTransformer._finalize_dcg_rule	_make_functor_class_ast(	constructor		
clausal/terms.py	202	KWTerm.__getattr__	._fields	decomposer		KWTerm's OWN _fields dict (a plain dict of kwarg values, distinct from PredicateMeta's class-level _fields tuple) -- walker false positive by name collision on an unrelated class; not a PredicateMeta INSTANCE site.
clausal/terms.py	212	KWTerm.__eq__	._fields	decomposer		KWTerm's OWN _fields dict (a plain dict of kwarg values, distinct from PredicateMeta's class-level _fields tuple) -- walker false positive by name collision on an unrelated class; not a PredicateMeta INSTANCE site.
clausal/terms.py	212	KWTerm.__eq__	._fields	decomposer		KWTerm's OWN _fields dict (a plain dict of kwarg values, distinct from PredicateMeta's class-level _fields tuple) -- walker false positive by name collision on an unrelated class; not a PredicateMeta INSTANCE site.
clausal/terms.py	217	KWTerm.__hash__	._fields	decomposer		KWTerm's OWN _fields dict (a plain dict of kwarg values, distinct from PredicateMeta's class-level _fields tuple) -- walker false positive by name collision on an unrelated class; not a PredicateMeta INSTANCE site.
clausal/terms.py	220	KWTerm.__repr__	._fields	decomposer		KWTerm's OWN _fields dict (a plain dict of kwarg values, distinct from PredicateMeta's class-level _fields tuple) -- walker false positive by name collision on an unrelated class; not a PredicateMeta INSTANCE site.
clausal/terms.py	234	KWTerm.__unify__	._fields	decomposer		KWTerm's OWN _fields dict (a plain dict of kwarg values, distinct from PredicateMeta's class-level _fields tuple) -- walker false positive by name collision on an unrelated class; not a PredicateMeta INSTANCE site.
clausal/terms.py	234	KWTerm.__unify__	._fields	decomposer		KWTerm's OWN _fields dict (a plain dict of kwarg values, distinct from PredicateMeta's class-level _fields tuple) -- walker false positive by name collision on an unrelated class; not a PredicateMeta INSTANCE site.
clausal/terms.py	238	KWTerm.__unify__	._fields	decomposer		KWTerm's OWN _fields dict (a plain dict of kwarg values, distinct from PredicateMeta's class-level _fields tuple) -- walker false positive by name collision on an unrelated class; not a PredicateMeta INSTANCE site.
clausal/terms.py	239	KWTerm.__unify__	._fields	decomposer		KWTerm's OWN _fields dict (a plain dict of kwarg values, distinct from PredicateMeta's class-level _fields tuple) -- walker false positive by name collision on an unrelated class; not a PredicateMeta INSTANCE site.
clausal/terms.py	239	KWTerm.__unify__	._fields	decomposer		KWTerm's OWN _fields dict (a plain dict of kwarg values, distinct from PredicateMeta's class-level _fields tuple) -- walker false positive by name collision on an unrelated class; not a PredicateMeta INSTANCE site.
clausal/terms.py	248	KWTerm.__occurs_check__	._fields	decomposer		KWTerm's OWN _fields dict (a plain dict of kwarg values, distinct from PredicateMeta's class-level _fields tuple) -- walker false positive by name collision on an unrelated class; not a PredicateMeta INSTANCE site.
clausal/terms.py	258	KWTerm.__walk__	._fields	decomposer		KWTerm's OWN _fields dict (a plain dict of kwarg values, distinct from PredicateMeta's class-level _fields tuple) -- walker false positive by name collision on an unrelated class; not a PredicateMeta INSTANCE site.
clausal/terms.py	262	KWTerm.keys	._fields	decomposer		KWTerm's OWN _fields dict (a plain dict of kwarg values, distinct from PredicateMeta's class-level _fields tuple) -- walker false positive by name collision on an unrelated class; not a PredicateMeta INSTANCE site.
clausal/terms.py	265	KWTerm.values	._fields	decomposer		KWTerm's OWN _fields dict (a plain dict of kwarg values, distinct from PredicateMeta's class-level _fields tuple) -- walker false positive by name collision on an unrelated class; not a PredicateMeta INSTANCE site.
clausal/terms.py	268	KWTerm.items	._fields	decomposer		KWTerm's OWN _fields dict (a plain dict of kwarg values, distinct from PredicateMeta's class-level _fields tuple) -- walker false positive by name collision on an unrelated class; not a PredicateMeta INSTANCE site.
clausal/terms.py	271	KWTerm.__len__	._fields	decomposer		KWTerm's OWN _fields dict (a plain dict of kwarg values, distinct from PredicateMeta's class-level _fields tuple) -- walker false positive by name collision on an unrelated class; not a PredicateMeta INSTANCE site.
clausal/terms.py	275	KWTerm.with_overrides	._fields	decomposer		KWTerm's OWN _fields dict (a plain dict of kwarg values, distinct from PredicateMeta's class-level _fields tuple) -- walker false positive by name collision on an unrelated class; not a PredicateMeta INSTANCE site.
clausal/terms.py	284	KWTerm.with_extensions	._fields	decomposer		KWTerm's OWN _fields dict (a plain dict of kwarg values, distinct from PredicateMeta's class-level _fields tuple) -- walker false positive by name collision on an unrelated class; not a PredicateMeta INSTANCE site.
clausal/terms.py	3486	term_str	._fields	typetest-predicate		isinstance(t, type) and isinstance(t, PredicateMeta) and not t._fields -- is t a bare zero-arity predicate class value.
clausal/terms.py	3486	term_str	isinstance(<x>, PredicateMeta)	typetest-predicate		same site as the ._fields row above; combined class + zero-field test.
clausal/terms.py	3488	term_str	is_term_instance(	typetest-compound		generic compound test before rendering as functor(args).
clausal/terms.py	3489	term_str	term_field_names(	decomposer		only len(term_field_names(t)) is used, for the locale-aware arity-suffixed name.
clausal/terms.py	3492	term_str	term_field_names(	decomposer		iterates for f in term_field_names(t) purely for positional rendering order; names themselves unused.
clausal/testing.py	299	_test_description_term	term_field_names(	decomposer	needs-db	names[0] then getattr; no db param.
clausal/testing.py	884	_note_generic_compound_confusion	isinstance(<x>, PredicateMeta)	typetest-predicate		fallback declaredness check alongside db.row(...).
clausal/testing.py	885	_note_generic_compound_confusion	._fields	typetest-predicate		len(declared._fields or ()) == arity, part of the same declaredness test as line 884, count only.
clausal/testing.py	964	_pair_vars	term_field_names(	decomposer	needs-db	getattr both sides per field name; no db param.
clausal/testing.py	1353	_collect_var_ids	term_field_names(	decomposer	needs-db	getattr(term, f) per name to recurse; no db param.
clausal/testing.py	1679	_reify_value	isinstance(<x>, PredicateMeta)	typetest-predicate		is the value itself a zero-arity predicate-class atom, reified as Atom(name=...).
clausal/testing.py	1690	_reify_value	is_term_instance(	typetest-compound		
clausal/testing.py	1693	_reify_value	term_field_names(	decomposer	needs-db	getattr(value, f) per name, reified into Goal(args=[...]); no db param.
clausal/testing.py	2196	_resolve_predicate	isinstance(<x>, PredicateMeta)	typetest-predicate		is the candidate binding a declared predicate class.
clausal/testing.py	2217	_head_prefix	term_field_names(	decomposer	needs-db	getattr(head, n) per name to build hargs; no db param.
packages/clausal-provenance/clausal/modules/provenance/_registration.py	57	_resolve_loadname	isinstance(<x>, PredicateMeta)	package		
packages/clausal-provenance/clausal/modules/provenance/_registration.py	108	_RegistrationGoal.__call__	isinstance(<x>, PredicateMeta)	package		
packages/clausal-provenance/clausal/modules/provenance/engine.py	66	_walk_term	._fields	package		
packages/clausal-provenance/clausal/modules/provenance/engine.py	66	_walk_term	isinstance(<x>, PredicateMeta)	package		
packages/clausal-provenance/clausal/modules/provenance/engine.py	74	_walk_term	is_term_instance(	package		
packages/clausal-provenance/clausal/modules/provenance/engine.py	76	_walk_term	term_field_names(	package		
packages/clausal-provenance/clausal/modules/provenance/engine.py	94	_is_ground	is_term_instance(	package		
packages/clausal-provenance/clausal/modules/provenance/engine.py	95	_is_ground	term_field_names(	package		
packages/clausal-provenance/clausal/modules/provenance/engine.py	106	_term_to_tuple	is_term_instance(	package		
packages/clausal-provenance/clausal/modules/provenance/engine.py	107	_term_to_tuple	term_field_names(	package		
packages/clausal-provenance/clausal/modules/provenance/engine.py	252	_resolve_callee_class	isinstance(<x>, PredicateMeta)	package		
packages/clausal-provenance/clausal/modules/provenance/engine.py	259	_resolve_callee_class	isinstance(<x>, PredicateMeta)	package		
packages/clausal-provenance/clausal/modules/provenance/engine.py	302	_renew_term	._fields	package		
packages/clausal-provenance/clausal/modules/provenance/engine.py	302	_renew_term	isinstance(<x>, PredicateMeta)	package		
packages/clausal-provenance/clausal/modules/provenance/engine.py	310	_renew_term	is_term_instance(	package		
packages/clausal-provenance/clausal/modules/provenance/engine.py	314	_renew_term	term_field_names(	package		
packages/clausal-provenance/clausal/modules/provenance/engine.py	573	evaluate	is_term_instance(	package		
packages/clausal-provenance/clausal/modules/provenance/engine.py	611	_discover_bottom_up_predicates	is_term_instance(	package		
packages/clausal-provenance/clausal/modules/provenance/engine.py	613	_discover_bottom_up_predicates	isinstance(<x>, PredicateMeta)	package		
packages/clausal-provenance/clausal/modules/provenance/engine.py	651	_discover_bottom_up_predicates	isinstance(<x>, PredicateMeta)	package		
packages/clausal-provenance/clausal/modules/provenance/engine.py	657	_discover_bottom_up_predicates	isinstance(<x>, PredicateMeta)	package		
packages/clausal-provenance/clausal/modules/provenance/engine.py	667	goal_cls_initial	is_term_instance(	package		
packages/clausal-provenance/clausal/modules/provenance/engine.py	684	_filter_by_goal	is_term_instance(	package		
packages/clausal-provenance/clausal/modules/provenance/engine.py	687	_filter_by_goal	isinstance(<x>, PredicateMeta)	package		
packages/clausal-provenance/clausal/modules/provenance/engine.py	697	_filter_by_goal	is_term_instance(	package		
packages/clausal-provenance/clausal/modules/provenance/engine.py	697	_filter_by_goal	term_field_names(	package		
packages/clausal-provenance/clausal/modules/provenance/engine.py	697	_filter_by_goal	._fields	package		
packages/clausal-provenance/clausal/modules/provenance/engine.py	704	_filter_by_goal	is_term_instance(	package		
packages/clausal-provenance/tests/test_diff_provenance.py	69	_setup_path_program	make_predicate(	package		
packages/clausal-provenance/tests/test_diff_provenance.py	70	_setup_path_program	make_predicate(	package		
packages/clausal-provenance/tests/test_negation_aggregation.py	51	_setup_negation_program	make_predicate(	package		
packages/clausal-provenance/tests/test_negation_aggregation.py	52	_setup_negation_program	make_predicate(	package		
packages/clausal-provenance/tests/test_negation_aggregation.py	53	_setup_negation_program	make_predicate(	package		
packages/clausal-provenance/tests/test_negation_aggregation.py	54	_setup_negation_program	make_predicate(	package		
packages/clausal-provenance/tests/test_negation_aggregation.py	139	test_negation_with_unbound_args_raises	make_predicate(	package		
packages/clausal-provenance/tests/test_negation_aggregation.py	140	test_negation_with_unbound_args_raises	make_predicate(	package		
packages/clausal-provenance/tests/test_provenance_engine.py	47	_setup_program	make_predicate(	package		
packages/clausal-provenance/tests/test_top_k_proofs.py	82	_setup_path_program	make_predicate(	package		
packages/clausal-provenance/tests/test_top_k_proofs.py	83	_setup_path_program	make_predicate(	package		
packages/clausal-provenance/tests/test_top_k_proofs.py	103	_setup_sumdigits_program	make_predicate(	package		
packages/clausal-provenance/tests/test_top_k_proofs.py	104	_setup_sumdigits_program	make_predicate(	package		
clausal/logic/variables/_variables.c	2145	(module scope)	PredicateMeta_type (C)	c-arm		static storage backing every arm below; not inside a function -- the registration target py_register_predicate_meta writes.
clausal/logic/variables/_variables.c	2167	py_register_predicate_meta	PredicateMeta_type (C)	c-arm		registration hook called from predicate.py at import time; stores the class reference, does not build or read an instance.
clausal/logic/variables/_variables.c	2169	py_register_predicate_meta	PredicateMeta_type (C)	c-arm		same registration hook as 2167.
clausal/logic/variables/_variables.c	2225	c_is_term_instance	PredicateMeta_type (C)	c-arm		guard: PredicateMeta_type not yet registered -> treat obj as not an instance.
clausal/logic/variables/_variables.c	2234	c_is_term_instance	PredicateMeta_type (C)	c-arm		core check: PyObject_IsInstance(Py_TYPE(obj), PredicateMeta_type) -- "is obj an instance of a PredicateMeta-minted class" (typetest-compound, the C is_term_instance implementation).
clausal/logic/variables/_variables.c	2263	py_term_field_names	PredicateMeta_type (C)	c-arm		guard before the PredicateMeta branch of the field-names entrypoint (falls back to @dataclass otherwise).
clausal/logic/variables/_variables.c	2264	py_term_field_names	PredicateMeta_type (C)	c-arm		decomposer arm: PyObject_IsInstance(cls, PredicateMeta_type) then GetAttr(cls, "_fields").
clausal/logic/variables/_variables.c	2316	c_term_field_names	PredicateMeta_type (C)	c-arm		guard, internal sibling of py_term_field_names reused by is_ground/copy_term/collect_vars.
clausal/logic/variables/_variables.c	2317	c_term_field_names	PredicateMeta_type (C)	c-arm		decomposer arm: same PyObject_IsInstance(cls, PredicateMeta_type) then GetAttr _fields, no dataclass fallback (internal C-only caller).
clausal/logic/variables/_variables.c	2340	py_is_atom	PredicateMeta_type (C)	c-arm		guard: no PredicateMeta_type registered -> not an atom.
clausal/logic/variables/_variables.c	2342	py_is_atom	PredicateMeta_type (C)	c-arm		typetest arm: is obj itself an instance of a PredicateMeta class with zero fields (the legacy atom-widening test, C001-style).
clausal/logic/variables/_variables.c	2374	c_is_ground	PredicateMeta_type (C)	c-arm		typetest-predicate arm: term is a PyType (a class value, e.g. m.pred passed as data) that is a PredicateMeta class -- classes are always ground.
clausal/logic/variables/_variables.c	2375	c_is_ground	PredicateMeta_type (C)	c-arm		same check as 2374, PyObject_IsInstance(term, PredicateMeta_type).
clausal/logic/variables/_variables.c	2990	c_copy_term	PredicateMeta_type (C)	c-arm		typetest-predicate arm: a PredicateMeta class value passed through unchanged (ground, no vars to copy) -- mirrors c_is_ground's class check.
clausal/logic/variables/_variables.c	2991	c_copy_term	PredicateMeta_type (C)	c-arm		same check as 2990.
clausal/logic/variables/_variables.c	3357	c_collect_vars	PredicateMeta_type (C)	c-arm		typetest-predicate arm: a PredicateMeta class value has no variables to collect -- mirrors c_is_ground's class check.
clausal/logic/variables/_variables.c	3358	c_collect_vars	PredicateMeta_type (C)	c-arm		same check as 3357.
